2026/10/09 07:39:52.913, NVIDIA A40, 0, 46068, 0
2026/10/09 07:39:54.918, NVIDIA A40, 0, 46068, 0
2026/10/09 07:39:56.920, NVIDIA A40, 0, 46068, 0
2026/10/09 07:39:58.921, NVIDIA A40, 267, 46068, 0
2026/10/09 07:40:00.921, NVIDIA A40, 34151, 46068, 21
2026/10/09 07:40:02.935, NVIDIA A40, 34151, 46068, 9
2026/10/09 07:40:04.935, NVIDIA A40, 34151, 46068, 2
2026/10/09 07:40:06.935, NVIDIA A40, 34151, 46068, 3
2026/10/09 07:40:08.936, NVIDIA A40, 34151, 46068, 2
2026/10/09 07:40:10.936, NVIDIA A40, 34151, 46068, 4
2026/10/09 07:40:12.936, NVIDIA A40, 34151, 46068, 10
2026/10/09 07:40:14.937, NVIDIA A40, 34151, 46068, 8
2026/10/09 07:40:16.937, NVIDIA A40, 34151, 46068, 26
2026/10/09 07:40:18.937, NVIDIA A40, 34151, 46068, 7
2026/10/09 07:40:20.938, NVIDIA A40, 34151, 46068, 4
2026/10/09 07:40:22.938, NVIDIA A40, 33887, 46068, 0
2026/10/09 07:40:24.938, NVIDIA A40, 33887, 46068, 0
2026/10/09 07:40:26.943, NVIDIA A40, 33887, 46068, 0
2026/10/09 07:40:28.943, NVIDIA A40, 33887, 46068, 0
2026/10/09 07:40:30.943, NVIDIA A40, 33887, 46068, 0
2026/10/09 07:40:32.944, NVIDIA A40, 33887, 46068, 0
2026/10/09 07:40:34.944, NVIDIA A40, 33887, 46068, 0
2026/10/09 07:40:36.944, NVIDIA A40, 33887, 46068, 0
2026/10/09 07:40:38.945, NVIDIA A40, 33887, 46068, 0
2026/10/09 07:40:40.945, NVIDIA A40, 33887, 46068, 0
2026/10/09 07:40:42.945, NVIDIA A40, 33887, 46068, 0
2026/10/09 07:40:44.946, NVIDIA A40, 33887, 46068, 0
2026/10/09 07:40:46.948, NVIDIA A40, 33887, 46068, 0
2026/10/09 07:40:48.948, NVIDIA A40, 33887, 46068, 0
2026/10/09 07:40:50.949, NVIDIA A40, 33887, 46068, 0
2026/10/09 07:40:52.949, NVIDIA A40, 33887, 46068, 0
2026/10/09 07:40:54.949, NVIDIA A40, 33887, 46068, 0
2026/10/09 07:40:56.959, NVIDIA A40, 33887, 46068, 0
2026/10/09 07:40:58.960, NVIDIA A40, 33887, 46068, 0
2026/10/09 07:41:00.960, NVIDIA A40, 33887, 46068, 0
2026/10/09 07:41:02.960, NVIDIA A40, 33887, 46068, 0
2026/10/09 07:41:04.961, NVIDIA A40, 33887, 46068, 0
2026/10/09 07:41:06.961, NVIDIA A40, 33887, 46068, 0
2026/10/09 07:41:08.961, NVIDIA A40, 33887, 46068, 0
2026/10/09 07:41:10.962, NVIDIA A40, 33887, 46068, 0
2026/10/09 07:41:12.963, NVIDIA A40, 33887, 46068, 0
2026/10/09 07:41:14.966, NVIDIA A40, 33887, 46068, 0
2026/10/09 07:41:16.966, NVIDIA A40, 33887, 46068, 0
2026/10/09 07:41:18.966, NVIDIA A40, 33887, 46068, 0
2026/10/09 07:41:20.967, NVIDIA A40, 33889, 46068, 0
2026/10/09 07:41:22.967, NVIDIA A40, 33889, 46068, 0
2026/10/09 07:41:24.967, NVIDIA A40, 33889, 46068, 0
2026/10/09 07:41:26.968, NVIDIA A40, 33889, 46068, 0
2026/10/09 07:41:28.968, NVIDIA A40, 33889, 46068, 0
2026/10/09 07:41:30.969, NVIDIA A40, 33889, 46068, 0
2026/10/09 07:41:32.970, NVIDIA A40, 33889, 46068, 0
2026/10/09 07:41:34.970, NVIDIA A40, 33889, 46068, 0
2026/10/09 07:41:36.970, NVIDIA A40, 33889, 46068, 0
2026/10/09 07:41:38.971, NVIDIA A40, 33889, 46068, 0
2026/10/09 07:41:40.971, NVIDIA A40, 33889, 46068, 0
2026/10/09 07:41:42.971, NVIDIA A40, 33889, 46068, 0
2026/10/09 07:41:44.972, NVIDIA A40, 33889, 46068, 0
2026/10/09 07:41:46.972, NVIDIA A40, 33889, 46068, 0
2026/10/09 07:41:48.973, NVIDIA A40, 33889, 46068, 0
2026/10/09 07:41:50.973, NVIDIA A40, 33889, 46068, 0
2026/10/09 07:41:52.974, NVIDIA A40, 33889, 46068, 0
2026/10/09 07:41:54.974, NVIDIA A40, 33891, 46068, 0
2026/10/09 07:41:56.975, NVIDIA A40, 33891, 46068, 0
2026/10/09 07:41:58.975, NVIDIA A40, 33891, 46068, 0
2026/10/09 07:42:00.975, NVIDIA A40, 33891, 46068, 0
2026/10/09 07:42:02.976, NVIDIA A40, 33891, 46068, 0
2026/10/09 07:42:04.976, NVIDIA A40, 33891, 46068, 0
2026/10/09 07:42:06.977, NVIDIA A40, 33891, 46068, 0
2026/10/09 07:42:08.977, NVIDIA A40, 33891, 46068, 0
2026/10/09 07:42:10.977, NVIDIA A40, 34203, 46068, 7
2026/10/09 07:42:12.978, NVIDIA A40, 34675, 46068, 98
2026/10/09 07:42:14.978, NVIDIA A40, 34675, 46068, 99
2026/10/09 07:42:16.979, NVIDIA A40, 34675, 46068, 98
2026/10/09 07:42:18.979, NVIDIA A40, 34675, 46068, 97
2026/10/09 07:42:20.979, NVIDIA A40, 34675, 46068, 99
2026/10/09 07:42:22.980, NVIDIA A40, 34675, 46068, 97
2026/10/09 07:42:24.980, NVIDIA A40, 34675, 46068, 98
2026/10/09 07:42:26.981, NVIDIA A40, 34675, 46068, 98
2026/10/09 07:42:28.981, NVIDIA A40, 34675, 46068, 98
2026/10/09 07:42:30.982, NVIDIA A40, 34675, 46068, 98
2026/10/09 07:42:32.982, NVIDIA A40, 34675, 46068, 98
2026/10/09 07:42:34.983, NVIDIA A40, 34675, 46068, 97
2026/10/09 07:42:36.983, NVIDIA A40, 34675, 46068, 99
2026/10/09 07:42:38.983, NVIDIA A40, 34675, 46068, 97
2026/10/09 07:42:40.984, NVIDIA A40, 34691, 46068, 0
2026/10/09 07:42:42.984, NVIDIA A40, 40735, 46068, 0
2026/10/09 07:42:44.985, NVIDIA A40, 40869, 46068, 0
2026/10/09 07:42:46.985, NVIDIA A40, 40895, 46068, 0
2026/10/09 07:42:48.986, NVIDIA A40, 40923, 46068, 0
2026/10/09 07:42:50.986, NVIDIA A40, 40759, 46068, 0
2026/10/09 07:42:52.987, NVIDIA A40, 40963, 46068, 0
2026/10/09 07:42:54.987, NVIDIA A40, 40989, 46068, 0
2026/10/09 07:42:56.987, NVIDIA A40, 41013, 46068, 0
2026/10/09 07:42:58.988, NVIDIA A40, 41023, 46068, 0
2026/10/09 07:43:00.989, NVIDIA A40, 41039, 46068, 0
2026/10/09 07:43:02.989, NVIDIA A40, 41079, 46068, 0
2026/10/09 07:43:04.989, NVIDIA A40, 41093, 46068, 0
2026/10/09 07:43:06.990, NVIDIA A40, 41117, 46068, 100
2026/10/09 07:43:08.991, NVIDIA A40, 41143, 46068, 0
2026/10/09 07:43:10.991, NVIDIA A40, 41181, 46068, 100
2026/10/09 07:43:12.992, NVIDIA A40, 41195, 46068, 0
2026/10/09 07:43:14.996, NVIDIA A40, 41233, 46068, 100
2026/10/09 07:43:16.997, NVIDIA A40, 41329, 46068, 4
2026/10/09 07:43:18.997, NVIDIA A40, 41207, 46068, 0
2026/10/09 07:43:20.998, NVIDIA A40, 41325, 46068, 0
2026/10/09 07:43:22.998, NVIDIA A40, 41367, 46068, 0
2026/10/09 07:43:24.999, NVIDIA A40, 41377, 46068, 0
2026/10/09 07:43:27.000, NVIDIA A40, 41443, 46068, 0
2026/10/09 07:43:29.000, NVIDIA A40, 41457, 46068, 63
2026/10/09 07:43:31.000, NVIDIA A40, 41503, 46068, 0
2026/10/09 07:43:33.001, NVIDIA A40, 41515, 46068, 0
2026/10/09 07:43:35.001, NVIDIA A40, 41551, 46068, 0
2026/10/09 07:43:37.002, NVIDIA A40, 41551, 46068, 0
2026/10/09 07:43:39.002, NVIDIA A40, 41551, 46068, 0
2026/10/09 07:43:41.002, NVIDIA A40, 41551, 46068, 0
2026/10/09 07:43:43.003, NVIDIA A40, 41551, 46068, 0
2026/10/09 07:43:45.003, NVIDIA A40, 41551, 46068, 0
2026/10/09 07:43:47.004, NVIDIA A40, 41551, 46068, 0
2026/10/09 07:43:49.004, NVIDIA A40, 41551, 46068, 0
2026/10/09 07:43:51.004, NVIDIA A40, 41551, 46068, 0
2026/10/09 07:43:53.005, NVIDIA A40, 41551, 46068, 0
2026/10/09 07:43:55.005, NVIDIA A40, 41551, 46068, 0
2026/10/09 07:43:57.006, NVIDIA A40, 41551, 46068, 0
2026/10/09 07:43:59.006, NVIDIA A40, 41551, 46068, 0
2026/10/09 07:44:01.007, NVIDIA A40, 41551, 46068, 0
2026/10/09 07:44:03.007, NVIDIA A40, 41551, 46068, 0
2026/10/09 07:44:05.007, NVIDIA A40, 41551, 46068, 0
2026/10/09 07:44:07.008, NVIDIA A40, 41551, 46068, 0
2026/10/09 07:44:09.008, NVIDIA A40, 41551, 46068, 0
2026/10/09 07:44:11.009, NVIDIA A40, 41551, 46068, 0
2026/10/09 07:44:13.009, NVIDIA A40, 41813, 46068, 57
2026/10/09 07:44:15.010, NVIDIA A40, 41813, 46068, 96
2026/10/09 07:44:17.010, NVIDIA A40, 41813, 46068, 96
2026/10/09 07:44:19.011, NVIDIA A40, 41813, 46068, 0
2026/10/09 07:44:21.012, NVIDIA A40, 41813, 46068, 96
2026/10/09 07:44:23.012, NVIDIA A40, 41813, 46068, 96
2026/10/09 07:44:25.012, NVIDIA A40, 41813, 46068, 96
2026/10/09 07:44:27.013, NVIDIA A40, 41813, 46068, 96
2026/10/09 07:44:29.013, NVIDIA A40, 41813, 46068, 98
2026/10/09 07:44:31.013, NVIDIA A40, 41813, 46068, 96
2026/10/09 07:44:33.014, NVIDIA A40, 41813, 46068, 96
2026/10/09 07:44:35.014, NVIDIA A40, 41813, 46068, 100
2026/10/09 07:44:37.015, NVIDIA A40, 41813, 46068, 98
2026/10/09 07:44:39.015, NVIDIA A40, 41813, 46068, 98
2026/10/09 07:44:41.015, NVIDIA A40, 41813, 46068, 97
2026/10/09 07:44:43.016, NVIDIA A40, 41813, 46068, 96
2026/10/09 07:44:45.016, NVIDIA A40, 41813, 46068, 95
2026/10/09 07:44:47.019, NVIDIA A40, 41813, 46068, 0
2026/10/09 07:44:49.019, NVIDIA A40, 41813, 46068, 96
2026/10/09 07:44:51.019, NVIDIA A40, 41813, 46068, 96
2026/10/09 07:44:53.020, NVIDIA A40, 41813, 46068, 96
2026/10/09 07:44:55.020, NVIDIA A40, 41813, 46068, 96
2026/10/09 07:44:57.020, NVIDIA A40, 41813, 46068, 96
2026/10/09 07:44:59.034, NVIDIA A40, 41813, 46068, 0
2026/10/09 07:45:01.035, NVIDIA A40, 41813, 46068, 0
2026/10/09 07:45:03.035, NVIDIA A40, 41813, 46068, 0
2026/10/09 07:45:05.058, NVIDIA A40, 41813, 46068, 0
2026/10/09 07:45:07.058, NVIDIA A40, 41813, 46068, 0
2026/10/09 07:45:09.059, NVIDIA A40, 42076, 46068, 0
2026/10/09 07:45:11.064, NVIDIA A40, 41813, 46068, 0
2026/10/09 07:45:13.067, NVIDIA A40, 41813, 46068, 0
2026/10/09 07:45:15.067, NVIDIA A40, 41813, 46068, 0
2026/10/09 07:45:17.067, NVIDIA A40, 41813, 46068, 0
2026/10/09 07:45:19.068, NVIDIA A40, 41813, 46068, 0
2026/10/09 07:45:21.068, NVIDIA A40, 41813, 46068, 0
2026/10/09 07:45:23.068, NVIDIA A40, 41813, 46068, 0
2026/10/09 07:45:25.069, NVIDIA A40, 41813, 46068, 0
2026/10/09 07:45:27.069, NVIDIA A40, 41813, 46068, 0
2026/10/09 07:45:29.070, NVIDIA A40, 41813, 46068, 0
2026/10/09 07:45:31.070, NVIDIA A40, 41813, 46068, 0
2026/10/09 07:45:33.070, NVIDIA A40, 41813, 46068, 0
2026/10/09 07:45:35.071, NVIDIA A40, 41813, 46068, 0
2026/10/09 07:45:37.071, NVIDIA A40, 41813, 46068, 0
2026/10/09 07:45:39.072, NVIDIA A40, 41813, 46068, 0
2026/10/09 07:45:41.072, NVIDIA A40, 41813, 46068, 0
2026/10/09 07:45:43.073, NVIDIA A40, 41813, 46068, 0
2026/10/09 07:45:45.073, NVIDIA A40, 41813, 46068, 0
2026/10/09 07:45:47.073, NVIDIA A40, 41813, 46068, 0
2026/10/09 07:45:49.074, NVIDIA A40, 41813, 46068, 0
2026/10/09 07:45:51.074, NVIDIA A40, 41813, 46068, 0
2026/10/09 07:45:53.074, NVIDIA A40, 41813, 46068, 0
2026/10/09 07:45:55.075, NVIDIA A40, 41813, 46068, 0
2026/10/09 07:45:57.075, NVIDIA A40, 41813, 46068, 0
2026/10/09 07:45:59.076, NVIDIA A40, 41813, 46068, 0
2026/10/09 07:46:01.076, NVIDIA A40, 41813, 46068, 0
2026/10/09 07:46:03.076, NVIDIA A40, 41813, 46068, 0
2026/10/09 07:46:05.077, NVIDIA A40, 41813, 46068, 0
2026/10/09 07:46:07.077, NVIDIA A40, 41813, 46068, 0
2026/10/09 07:46:09.078, NVIDIA A40, 41813, 46068, 0
2026/10/09 07:46:11.078, NVIDIA A40, 41813, 46068, 0
2026/10/09 07:46:13.079, NVIDIA A40, 41813, 46068, 0
2026/10/09 07:46:15.079, NVIDIA A40, 41813, 46068, 0
2026/10/09 07:46:17.080, NVIDIA A40, 41813, 46068, 0
2026/10/09 07:46:19.080, NVIDIA A40, 41813, 46068, 0
2026/10/09 07:46:21.081, NVIDIA A40, 41813, 46068, 0
2026/10/09 07:46:23.081, NVIDIA A40, 41813, 46068, 0
2026/10/09 07:46:25.082, NVIDIA A40, 41813, 46068, 0
2026/10/09 07:46:27.082, NVIDIA A40, 41813, 46068, 0
2026/10/09 07:46:29.082, NVIDIA A40, 41813, 46068, 0
2026/10/09 07:46:31.083, NVIDIA A40, 41813, 46068, 0
2026/10/09 07:46:33.083, NVIDIA A40, 41813, 46068, 0
2026/10/09 07:46:35.084, NVIDIA A40, 41813, 46068, 0
2026/10/09 07:46:37.084, NVIDIA A40, 41813, 46068, 0
2026/10/09 07:46:39.084, NVIDIA A40, 41813, 46068, 0
2026/10/09 07:46:41.085, NVIDIA A40, 41813, 46068, 0
2026/10/09 07:46:43.085, NVIDIA A40, 41813, 46068, 0
2026/10/09 07:46:45.086, NVIDIA A40, 41813, 46068, 0
2026/10/09 07:46:47.087, NVIDIA A40, 41813, 46068, 0
2026/10/09 07:46:49.087, NVIDIA A40, 41813, 46068, 0
2026/10/09 07:46:51.088, NVIDIA A40, 41813, 46068, 0
2026/10/09 07:46:53.088, NVIDIA A40, 41813, 46068, 0
2026/10/09 07:46:55.089, NVIDIA A40, 41813, 46068, 0
2026/10/09 07:46:57.089, NVIDIA A40, 41813, 46068, 0
2026/10/09 07:46:59.089, NVIDIA A40, 41813, 46068, 0
2026/10/09 07:47:01.090, NVIDIA A40, 41813, 46068, 0
2026/10/09 07:47:03.090, NVIDIA A40, 41813, 46068, 0
2026/10/09 07:47:05.091, NVIDIA A40, 41813, 46068, 0
2026/10/09 07:47:07.091, NVIDIA A40, 41813, 46068, 0
2026/10/09 07:47:09.091, NVIDIA A40, 41813, 46068, 0
2026/10/09 07:47:11.092, NVIDIA A40, 41813, 46068, 0
2026/10/09 07:47:13.092, NVIDIA A40, 41813, 46068, 0
2026/10/09 07:47:15.093, NVIDIA A40, 41813, 46068, 0
2026/10/09 07:47:17.093, NVIDIA A40, 41813, 46068, 0
2026/10/09 07:47:19.094, NVIDIA A40, 41813, 46068, 0
2026/10/09 07:47:21.094, NVIDIA A40, 41813, 46068, 0
2026/10/09 07:47:23.100, NVIDIA A40, 41813, 46068, 0
2026/10/09 07:47:25.101, NVIDIA A40, 41813, 46068, 0
2026/10/09 07:47:27.102, NVIDIA A40, 41813, 46068, 0
2026/10/09 07:47:29.102, NVIDIA A40, 41813, 46068, 0
2026/10/09 07:47:31.102, NVIDIA A40, 41813, 46068, 0
2026/10/09 07:47:33.103, NVIDIA A40, 41813, 46068, 0
